,mu,sd
1,11.00598441,7.086708166
2,8.828552755,5.55883936
3,6.251742551,4.469510387
