,mu,sd,
1,10.92130035,7.024725684,long
2,8.959555584,5.464540823,med
3,6.237309142,4.428409752,short
